{
    "_playerPosition": {
        "x": -1.0976958274841309,
        "y": -3.3081228733062746
    },
    "_keyPosition": {
        "x": -4.0,
        "y": 0.5
    },
    "_isDoorOpen": false
}